{

  "days": {
    "0": "Sunday",
    "1": "Monday",
    "2": "Tuesday",
    "3": "Wednesday",
    "4": "Thursday",
    "5": "Friday",
    "6": "Saturday"
  },

  "months": {
    "0": "January",
    "1": "February",
    "2": "March",
    "3": "April",
    "4": "May",
    "5": "June",
    "6": "July",
    "7": "August",
    "8": "September",
    "9": "October",
    "10": "November",
    "11": "December"
  },

  "console": "Enter commands here...",

  "tabs": {
    "overview": "Overview",
    "details":  "Details",
    "entries":  "Entries",
    "journal":  "Journal",
    "guide":    "Guide"
  },

  "id":   "ID",
  "date": "Date",
  "time": "Time",
  "span": "Span",
  "ci": "CI",

  "sec": {
    "singular": "Sector",
    "plural":   "Sectors"
  },

  "pro": {
    "singular": "Project",
    "plural":   "Projects"
  },

  "desc": "Description",

  "ph": "Peak Hour",
  "pd": "Peak Day",
  "pm": "Peak Month",

  "stat": "Stats",
  "entries": "Entries",
  "summary": "Summary",
  "recent": "Recent",
  "peaks": "Peaks",

  "stats": {

    "abbr": {
      "sum":    "Total",
      "minDur": "Min",
      "maxDur": "Max",
      "avgDur": "Avg"
    },

    "sum":    "Total Hours",
    "durs":   "Durations",
    "sd":     "Deviation",
    "minDur": "Min Duration",
    "maxDur": "Max Duration",
    "avgDur": "Avg Duration",
    "foc":    "Focus",
    "cov":    "Coverage",
    "daily":  "Daily Average",
    "streak": "Streak",
    "minFoc": "Min Focus",
    "maxFoc": "Max Focus",
    "avgFoc": "Avg Focus"
  },

  "guide": {

  }
}
